{
  "meta": {
    "width": 0,
    "height": 0
  },
  "walls": [
    [
      9,
      4
    ],
    [
      12,
      8
    ],
    [
      13,
      12
    ],
    [
      19,
      11
    ],
    [
      32,
      8
    ],
    [
      6,
      4
    ]
  ],
  "nodes": {
    "3,17,2": {
      "edges": {
        "24,4,2": 24.698178070456937
      }
    },
    "24,4,2": {
      "edges": {
        "3,17,2": 24.698178070456937
      }
    },
    "31,6,2": {
      "edges": {
        "23,24,2": 19.697715603592208
      }
    },
    "23,24,2": {
      "edges": {
        "31,6,2": 19.697715603592208
      }
    },
    "15,1,2": {
      "edges": {
        "17,10,2": 9.219544457292887
      }
    },
    "17,10,2": {
      "edges": {
        "15,1,2": 9.219544457292887
      }
    }
  },
  "rooms": {},
  "teleporters": {}
}